<?xml version="1.0" encoding="UTF-8"?>
<metadata xml:lang="en"><Esri><CreaDate>20170330</CreaDate><CreaTime>11562500</CreaTime><ArcGISFormat>1.0</ArcGISFormat><SyncOnce>TRUE</SyncOnce><DataProperties><itemProps><itemLocation><linkage Sync="TRUE">file://\\PW48-GL-2HT4L\D$\GIS\IanGisDataEditAnalysis\Cook\CookEastGeoRefPoints\2017\ArcGISFiles\WorkingArcGis\PointsUsed2016\All_CookEast_PointsCopy</linkage><protocol Sync="TRUE">Local Area Network</protocol></itemLocation></itemProps><copyHistory><copy source="D:\GIS\IanGisDataEditAnalysis\Cook\CookEastGeoRefPoints\2017\ArcGISFiles\WorkingArcGis\PointsUsed2016\All_CookEast_Points" dest="\\PW48-GL-2HT4L\D$\GIS\IanGisDataEditAnalysis\Cook\CookEastGeoRefPoints\2017\ArcGISFiles\WorkingArcGis\PointsUsed2016\All_CookEast_PointsCopy" date="20170330" time="11562500"></copy></copyHistory></DataProperties></Esri></metadata>
